player_id;player;team;age;games_played;wins;losses;minutes;rebounds;assists;turnovers;steals;blocks;personal_fouls;points
1;Aaron Brooks;CHI;31;69;36;33;16.1;1.5;2.6;1.2;0.4;0.1;1.9;7.1
2;Aaron Gordon;ORL;20;78;32;46;23.9;6.5;1.6;0.8;0.8;0.7;2.0;9.2
3;Aaron Harrison;CHA;21;21;15;6;4.4;0.7;0.1;0.2;0.3;0.0;0.5;0.9
4;Adreian Payne;MIN;25;52;18;34;9.3;2.1;0.6;0.7;0.3;0.2;1.5;2.5
5;Al Horford;ATL;30;82;48;34;32.1;7.3;3.2;1.3;0.8;1.5;2.0;15.2
6;Al Jefferson;CHA;31;47;33;14;23.3;6.4;1.5;0.7;0.6;0.9;2.5;12.0
7;Al-Farouq Aminu;POR;25;82;44;38;28.5;6.1;1.7;1.5;0.9;0.6;2.1;10.2
8;Alan Anderson;WAS;33;13;8;5;14.8;2.1;1.1;0.2;0.3;0.1;1.9;5.0
9;Alan Williams;PHX;23;10;3;7;6.8;3.8;0.5;0.6;0.4;0.5;1.5;2.9
10;Alec Burks;UTA;24;31;13;18;25.7;3.5;2.0;1.6;0.6;0.1;2.3;13.3
11;Alex Len;PHX;23;78;23;55;23.3;7.6;1.2;1.9;0.5;0.8;2.9;9.0
12;Alex Stepheson;MEM;28;8;2;6;9.0;3.5;0.3;0.0;0.1;0.6;1.5;2.8
13;Alexis Ajinca;NOP;28;59;20;39;14.6;4.6;0.5;0.9;0.3;0.6;2.3;6.0
14;Allen Crabbe;POR;24;81;43;38;26.0;2.7;1.2;0.8;0.8;0.2;2.4;10.3
15;Alonzo Gee;NOP;29;73;27;46;22.4;3.4;1.0;0.8;0.9;0.2;2.3;4.5
16;Amar'e Stoudemire;MIA;33;52;30;22;14.7;4.3;0.5;0.9;0.3;0.8;1.8;5.8
17;Amir Johnson;BOS;29;79;45;34;22.8;6.4;1.7;1.2;0.7;1.1;2.7;7.3
18;Anderson Varejao;GSW;33;53;41;12;9.4;2.7;0.7;0.4;0.3;0.2;1.3;2.6
19;Andre Drummond;DET;22;81;43;38;32.9;14.8;0.8;1.9;1.5;1.4;3.0;16.2
20;Andre Iguodala;GSW;32;65;59;6;26.6;4.0;3.4;1.2;1.1;0.3;1.6;7.0
21;Andre Miller;SAS;40;39;20;19;11.8;1.3;2.2;0.9;0.4;0.0;1.2;3.7
22;Andre Roberson;OKC;24;70;48;22;22.2;3.6;0.7;0.5;0.8;0.6;1.9;4.8
23;Andrea Bargnani;BKN;30;46;11;35;13.8;2.1;0.4;0.6;0.1;0.2;1.3;6.6
24;Andrew Bogut;GSW;31;70;62;8;20.7;7.0;2.3;1.2;0.5;1.6;3.2;5.4
25;Andrew Goudelock;HOU;27;8;5;3;6.2;0.3;0.5;0.9;0.8;0.3;0.5;2.8
26;Andrew Nicholson;ORL;26;56;22;34;14.7;3.6;0.4;0.7;0.2;0.4;1.2;6.9
27;Andrew Wiggins;MIN;21;81;29;52;35.1;3.6;2.0;2.2;1.0;0.6;2.0;20.7
28;Anthony Bennett;TOR;23;19;12;7;4.4;1.2;0.0;0.2;0.3;0.0;0.4;1.5
29;Anthony Brown;LAL;23;29;4;25;20.6;2.4;0.7;0.5;0.5;0.2;1.2;4.0
30;Anthony Davis;NOP;23;61;24;37;35.5;10.3;1.9;2.0;1.3;2.0;2.4;24.3
31;Anthony Morrow;OKC;30;68;46;22;13.6;0.9;0.4;0.3;0.3;0.1;0.9;5.6
32;Anthony Tolliver;DET;31;72;36;36;18.6;3.2;0.7;0.4;0.4;0.2;1.2;5.3
33;Archie Goodwin;PHX;21;57;14;43;19.5;2.5;2.1;1.8;0.5;0.2;1.5;8.9
34;Aron Baynes;DET;29;81;43;38;15.2;4.7;0.6;0.8;0.3;0.6;1.9;6.3
35;Arron Afflalo;NYK;30;71;27;44;33.4;3.7;2.0;1.2;0.4;0.1;2.0;12.8
36;Austin Rivers;LAC;23;67;42;25;21.8;1.9;1.5;0.9;0.7;0.1;2.0;8.9
37;Avery Bradley;BOS;25;76;45;31;33.4;2.9;2.1;1.4;1.5;0.3;2.2;15.2
38;Axel Toupane;DEN;23;21;9;12;14.5;1.5;0.7;0.3;0.3;0.3;1.9;3.6
39;Ben McLemore;SAC;23;68;28;40;21.2;2.2;1.2;1.5;0.8;0.1;2.1;7.8
40;Beno Udrih;MEM;33;44;26;18;16.1;1.6;2.6;1.2;0.3;0.0;1.2;4.7
41;Bismack Biyombo;TOR;23;82;56;26;22.0;8.0;0.4;0.9;0.2;1.6;2.7;5.5
42;Blake Griffin;LAC;27;35;22;13;33.4;8.4;4.9;2.4;0.8;0.5;2.7;21.4
43;Boban Marjanovic;SAS;27;54;47;7;9.4;3.6;0.4;0.5;0.2;0.4;1.0;5.5
44;Bobby Portis;CHI;21;62;29;33;17.8;5.4;0.8;0.9;0.4;0.4;1.6;7.0
45;Bojan Bogdanovic;BKN;27;79;21;58;26.8;3.2;1.3;1.5;0.4;0.1;1.5;11.2
46;Boris Diaw;SAS;34;76;64;12;18.2;3.1;2.3;1.3;0.3;0.3;1.3;6.4
47;Bradley Beal;WAS;23;55;28;27;31.1;3.4;2.9;2.0;1.0;0.2;2.1;17.4
48;Brandan Wright;MEM;28;12;6;6;17.7;3.6;0.5;0.8;0.4;1.3;1.8;6.9
49;Branden Dawson;LAC;23;6;5;1;4.8;0.7;0.0;0.0;0.0;0.2;0.3;0.8
50;Brandon Bass;LAL;31;66;16;50;20.3;4.3;1.1;0.6;0.5;0.8;1.9;7.2
51;Brandon Jennings;ORL;26;48;20;28;18.1;2.0;3.5;1.2;0.6;0.1;1.2;6.9
52;Brandon Knight;PHX;24;52;16;36;36.0;3.9;5.1;3.4;1.2;0.4;2.4;19.6
53;Brandon Rush;GSW;30;72;63;9;14.6;2.5;0.8;0.5;0.3;0.3;0.8;4.2
54;Brian Roberts;POR;30;51;26;25;9.2;0.8;1.1;0.5;0.2;0.0;0.7;4.0
55;Briante Weber;MIA;23;7;3;4;24.1;3.6;3.0;1.3;1.3;0.4;1.7;4.4
56;Brook Lopez;BKN;28;73;21;52;33.7;7.8;2.0;2.4;0.8;1.7;2.9;20.6
57;Bruno Caboclo;TOR;20;6;6;0;7.1;0.3;0.2;0.7;0.3;0.2;0.3;0.5
58;Bryce Cotton;MEM;23;8;1;7;4.8;0.0;0.4;0.6;0.4;0.0;0.3;1.0
59;Bryce Dejean-Jones;NOP;23;14;8;6;19.9;3.4;1.1;0.8;0.7;0.1;1.2;5.6
60;CJ McCollum;POR;24;80;44;36;34.7;3.2;4.3;2.5;1.2;0.3;2.3;20.8
61;CJ Miles;IND;29;64;34;30;22.9;2.7;1.0;1.1;0.8;0.5;2.2;11.8
62;CJ Watson;ORL;32;33;14;19;19.9;2.0;2.7;0.8;0.6;0.2;1.5;4.3
63;CJ Wilcox;LAC;25;23;15;8;7.3;0.5;0.4;0.1;0.4;0.1;0.7;3.0
64;Cameron Bairstow;DET;25;18;4;14;5.7;1.6;0.3;0.2;0.1;0.2;1.1;1.9
65;Cameron Payne;OKC;21;57;44;13;12.2;1.5;1.9;0.8;0.6;0.1;1.4;5.0
66;Carl Landry;PHI;32;36;5;31;15.8;4.1;0.9;0.6;0.3;0.3;1.9;9.8
67;Carmelo Anthony;NYK;32;72;32;40;35.1;7.7;4.2;2.4;0.9;0.5;2.5;21.8
68;Caron Butler;SAC;36;17;2;15;10.3;1.3;0.6;0.2;0.5;0.1;1.1;3.7
69;Chandler Parsons;DAL;27;61;29;32;29.5;4.7;2.8;1.6;0.8;0.3;1.9;13.7
70;Channing Frye;CLE;33;70;35;35;17.1;3.3;1.0;0.6;0.4;0.4;1.8;6.1
71;Charles Hayes;LAC;33;2;1;1;11.9;4.0;1.0;1.5;0.0;0.0;3.0;2.0
72;Charlie Villanueva;DAL;31;62;29;33;10.7;2.5;0.4;0.5;0.3;0.2;1.1;5.1
73;Chase Budinger;PHX;28;66;29;37;14.1;2.3;1.0;0.7;0.5;0.2;0.9;4.1
74;Chris Andersen;MEM;37;27;11;16;14.9;3.6;0.4;0.3;0.6;0.5;1.1;3.9
75;Chris Bosh;MIA;32;53;29;24;33.5;7.4;2.4;1.5;0.7;0.6;1.9;19.1
76;Chris Copeland;MIL;32;24;10;14;6.5;0.4;0.5;0.3;0.1;0.0;0.7;2.1
77;Chris Johnson;UTA;26;70;38;32;12.2;1.9;0.6;0.6;0.5;0.3;1.4;2.9
78;Chris Kaman;POR;34;16;11;5;7.0;1.5;0.7;0.5;0.1;0.1;0.9;2.8
79;Chris McCullough;BKN;21;24;7;17;15.1;2.8;0.4;0.6;1.2;0.5;1.6;4.7
80;Chris Paul;LAC;31;74;50;24;32.7;4.2;10.0;2.6;2.1;0.2;2.5;19.5
81;Christian Wood;PHI;20;17;0;17;8.5;2.2;0.2;0.1;0.3;0.4;0.6;3.6
82;Cleanthony Early;NYK;25;17;6;11;9.0;1.5;0.4;0.5;0.1;0.2;0.9;1.8
83;Cliff Alexander;POR;20;8;3;5;4.5;0.8;0.0;0.1;0.1;0.3;0.1;1.3
84;Clint Capela;HOU;22;77;39;38;19.1;6.4;0.6;0.8;0.8;1.2;2.5;7.0
85;Cody Zeller;CHA;23;73;42;31;24.3;6.2;1.0;0.9;0.8;0.9;2.8;8.7
86;Cole Aldrich;LAC;27;60;41;19;13.3;4.8;0.8;1.1;0.8;1.1;2.3;5.5
87;Corey Brewer;HOU;30;82;41;41;20.4;2.4;1.3;1.0;1.0;0.2;2.0;7.2
88;Cory Jefferson;PHX;25;8;2;6;6.3;2.0;0.0;0.0;0.0;0.1;1.0;2.8
89;Cory Joseph;TOR;24;80;54;26;25.6;2.6;3.1;1.3;0.8;0.3;1.6;8.5
90;Coty Clarke;BOS;23;3;0;3;1.9;0.3;0.0;0.3;0.0;0.0;0.0;2.0
91;Courtney Lee;CHA;30;79;49;30;29.6;2.6;1.7;0.9;1.1;0.4;1.7;9.6
92;Cristiano Felicio;CHI;23;31;14;17;10.3;3.3;0.8;0.4;0.2;0.4;1.0;3.4
93;D'Angelo Russell;LAL;20;80;17;63;28.2;3.4;3.3;2.5;1.2;0.2;1.8;13.2
94;D.J. Augustin;DEN;28;62;35;27;19.0;1.5;3.2;1.4;0.6;0.1;1.4;7.5
95;Dahntay Jones;CLE;35;1;0;1;42.4;5.0;2.0;0.0;1.0;2.0;6.0;13.0
96;Damian Lillard;POR;25;75;40;35;35.7;4.0;6.8;3.2;0.9;0.4;2.2;25.1
97;Damien Inglis;MIL;21;20;5;15;7.8;1.6;0.5;0.6;0.3;0.2;0.6;1.8
98;Damjan Rudez;MIN;30;33;9;24;8.4;0.6;0.3;0.4;0.1;0.0;1.0;2.3
99;Danilo Gallinari;DEN;27;53;22;31;34.7;5.3;2.5;1.5;0.8;0.4;1.6;19.5
100;Danny Green;SAS;29;79;65;14;26.1;3.8;1.8;0.9;1.0;0.8;1.8;7.2
101;Dante Cunningham;NOP;29;80;28;52;24.6;3.0;1.0;0.5;0.5;0.4;2.2;6.1
102;Darrell Arthur;DEN;28;70;26;44;21.7;4.2;1.4;0.9;0.8;0.7;2.6;7.5
103;Darren Collison;SAC;28;74;29;45;30.0;2.3;4.3;1.8;1.0;0.1;1.9;14.0
104;Darrun Hilliard;DET;23;38;17;21;10.1;1.2;0.7;0.5;0.2;0.0;0.7;4.0
105;David Lee;DAL;33;55;27;28;16.4;5.5;1.5;1.2;0.4;0.5;2.1;7.8
106;David West;SAS;35;78;63;15;18.0;4.0;1.8;0.9;0.6;0.7;1.8;7.1
107;DeAndre Jordan;LAC;27;77;51;26;33.7;13.8;1.2;1.4;0.7;2.3;2.7;12.7
108;DeJuan Blair;WAS;27;29;12;17;7.5;2.0;0.4;0.5;0.3;0.1;1.8;2.1
109;DeMar DeRozan;TOR;26;78;53;25;35.9;4.5;4.0;2.2;1.0;0.3;2.1;23.5
110;DeMarcus Cousins;SAC;25;65;29;36;34.6;11.5;3.3;3.8;1.6;1.4;3.6;26.9
111;DeMarre Carroll;TOR;29;26;16;10;30.2;4.7;1.0;1.1;1.7;0.2;2.4;11.0
112;Delon Wright;TOR;24;27;19;8;8.5;1.4;1.1;0.6;0.3;0.1;0.3;3.8
113;Dennis Schroder;ATL;22;80;47;33;20.3;2.6;4.4;2.3;0.9;0.1;1.7;11.0
114;Deron Williams;DAL;32;65;31;34;32.4;2.9;5.8;2.3;0.9;0.2;2.4;14.1
115;Derrick Favors;UTA;24;62;30;32;32.0;8.1;1.5;1.7;1.2;1.5;2.4;16.4
116;Derrick Rose;CHI;27;66;32;34;31.8;3.4;4.7;2.7;0.7;0.2;1.3;16.4
117;Derrick Williams;NYK;25;80;32;48;17.9;3.7;0.9;0.8;0.4;0.1;0.9;9.3
118;Devin Booker;PHX;19;76;20;56;27.7;2.5;2.6;2.1;0.6;0.3;3.0;13.8
119;Devin Harris;DAL;33;64;35;29;20.0;2.2;1.8;1.0;0.9;0.2;1.9;7.6
120;Devyn Marble;ORL;23;28;12;16;8.9;1.4;0.4;0.3;0.5;0.0;0.9;2.1
121;Dewayne Dedmon;ORL;26;58;21;37;12.2;3.9;0.2;0.6;0.4;0.8;1.9;4.4
122;Dion Waiters;OKC;24;78;53;25;27.6;2.6;2.0;1.5;1.0;0.2;1.8;9.8
123;Dirk Nowitzki;DAL;38;75;38;37;31.5;6.5;1.8;1.1;0.7;0.7;2.1;18.3
124;Donald Sloan;BKN;28;61;13;48;21.6;2.8;4.4;1.3;0.5;0.1;1.2;7.0
125;Donatas Motiejunas;HOU;25;37;19;18;14.8;2.9;1.1;1.2;0.5;0.1;1.9;6.2
126;Doug McDermott;CHI;24;81;41;40;23.0;2.4;0.7;0.7;0.2;0.1;1.6;9.4
127;Draymond Green;GSW;26;81;73;8;34.7;9.5;7.4;3.2;1.5;1.4;3.0;14.0
128;Drew Gooden;WAS;34;30;18;12;10.2;2.8;0.4;0.4;0.3;0.4;1.3;2.7
129;Duje Dukan;SAC;24;1;0;1;24.2;4.0;1.0;0.0;1.0;0.0;2.0;6.0
130;Dwight Howard;HOU;30;71;34;37;32.1;11.8;1.4;2.3;1.0;1.6;3.1;13.7
131;Dwight Powell;DAL;24;69;35;34;14.4;4.0;0.6;0.6;0.5;0.3;1.7;5.8
132;Dwyane Wade;MIA;34;74;43;31;30.5;4.1;4.6;2.7;1.1;0.6;1.6;19.0
133;E'Twaun Moore;CHI;27;59;29;30;21.4;2.3;1.7;0.9;0.6;0.3;1.7;7.5
134;Ed Davis;POR;27;81;43;38;20.8;7.4;1.1;0.8;0.7;0.9;2.5;6.5
135;Elfrid Payton;ORL;22;73;32;41;29.4;3.6;6.4;2.4;1.2;0.3;2.2;10.7
136;Elijah Millsap;UTA;28;20;9;11;8.6;1.8;1.0;0.5;0.4;0.2;1.7;1.8
137;Elliot Williams;CHA;27;5;4;1;9.0;0.8;0.8;0.2;0.0;0.0;0.4;1.6
138;Elton Brand;PHI;37;17;2;15;13.2;3.7;1.1;0.6;0.5;0.5;1.9;4.1
139;Emmanuel Mudiay;DEN;20;68;29;39;30.4;3.4;5.5;3.2;1.0;0.5;2.1;12.8
140;Enes Kanter;OKC;24;82;55;27;21.0;8.1;0.4;1.4;0.3;0.4;2.0;12.7
141;Eric Bledsoe;PHX;26;31;12;19;34.2;4.0;6.1;3.5;2.0;0.6;2.4;20.4
142;Eric Gordon;NOP;27;45;14;31;32.9;2.2;2.7;1.6;1.0;0.3;2.2;15.2
143;Eric Moreland;SAC;24;8;1;7;5.9;1.4;0.1;0.4;0.0;0.5;0.5;1.0
144;Erick Green;DEN;25;9;6;3;4.7;0.7;0.3;0.0;0.1;0.0;0.4;1.4
145;Ersan Ilyasova;ORL;29;74;35;39;25.4;5.4;0.9;1.0;0.7;0.4;2.3;10.4
146;Evan Fournier;ORL;23;79;33;46;32.5;2.8;2.7;1.7;1.2;0.0;2.7;15.4
147;Evan Turner;BOS;27;81;47;34;28.0;4.9;4.4;2.1;1.0;0.3;1.7;10.5
148;Festus Ezeli;GSW;26;46;42;4;16.7;5.6;0.7;0.8;0.4;1.1;2.0;7.0
149;Frank Kaminsky;CHA;23;81;47;34;21.1;4.1;1.2;0.7;0.5;0.5;1.6;7.5
150;Garrett Temple;WAS;30;80;40;40;24.4;2.7;1.8;0.8;0.9;0.2;2.4;7.3
151;Gary Harris;DEN;21;76;31;45;32.1;2.9;1.9;1.3;1.3;0.2;1.9;12.3
152;Gary Neal;WAS;31;40;18;22;20.2;2.1;1.2;0.7;0.5;0.0;1.4;9.8
153;George Hill;IND;30;74;41;33;34.1;4.0;3.5;1.4;1.1;0.2;2.0;12.1
154;Gerald Green;MIA;30;69;40;29;22.6;2.4;0.8;0.7;0.6;0.3;1.8;8.9
155;Gerald Henderson;POR;28;72;39;33;19.9;2.9;1.0;0.9;0.5;0.3;1.2;8.7
156;Giannis Antetokounmpo;MIL;21;80;32;48;35.3;7.7;4.3;2.6;1.2;1.4;3.2;16.9
157;Glenn Robinson;IND;22;45;24;21;11.3;1.5;0.6;0.4;0.4;0.2;0.5;3.8
158;Goran Dragic;MIA;30;72;44;28;32.8;3.8;5.8;2.6;1.0;0.2;2.6;14.1
159;Gordon Hayward;UTA;26;80;38;42;36.2;5.0;3.7;2.5;1.2;0.3;2.3;19.7
160;Gorgui Dieng;MIN;26;82;29;53;27.1;7.1;1.7;1.7;1.1;1.2;2.7;10.1
161;Greg Monroe;MIL;26;79;32;47;29.3;8.8;2.3;1.6;0.9;0.8;2.1;15.3
162;Greg Smith;MIN;25;18;8;10;10.7;2.3;0.3;0.4;0.2;0.1;1.6;2.4
163;Greivis Vasquez;MIL;29;23;9;14;20.0;2.0;4.0;1.7;0.4;0.0;1.8;5.7
164;Harrison Barnes;GSW;24;66;59;7;30.9;4.9;1.8;0.9;0.6;0.2;2.1;11.7
165;Hassan Whiteside;MIA;27;73;42;31;29.1;11.8;0.4;1.9;0.6;3.7;2.8;14.2
166;Henry Sims;BKN;26;14;2;12;18.8;5.1;0.6;0.9;0.6;1.0;2.6;6.5
167;Hollis Thompson;PHI;25;77;10;67;28.0;3.5;1.3;1.0;0.5;0.3;2.4;9.8
168;Ian Clark;GSW;25;66;59;7;8.8;1.0;1.0;0.7;0.3;0.2;0.9;3.6
169;Ian Mahinmi;IND;29;71;41;30;25.6;7.1;1.5;1.4;0.9;1.1;3.1;9.3
170;Iman Shumpert;CLE;26;54;39;15;24.4;3.8;1.7;1.1;1.0;0.4;2.2;5.8
171;Isaiah Canaan;PHI;25;77;10;67;25.5;2.3;1.8;1.2;0.7;0.2;1.7;11.0
172;Isaiah Thomas;BOS;27;82;48;34;32.2;3.0;6.2;2.7;1.1;0.1;2.0;22.2
173;Ish Smith;PHI;27;77;16;61;29.1;4.0;6.5;2.3;1.1;0.3;1.7;12.6
174;J.J. O'Brien;UTA;24;2;2;0;3.1;0.5;0.0;0.0;0.5;0.0;0.5;0.0
175;J.R. Smith;CLE;30;77;53;24;30.7;2.8;1.7;0.8;1.1;0.3;2.6;12.4
176;JJ Hickson;WAS;27;35;17;18;12.5;3.8;0.7;0.7;0.4;0.4;1.3;5.9
177;JJ Redick;LAC;32;75;50;25;28.0;1.9;1.4;1.0;0.6;0.1;1.8;16.3
178;JaKarr Sampson;DEN;23;73;18;55;15.9;2.6;0.6;1.0;0.3;0.5;1.9;5.1
179;JaMychal Green;MEM;26;78;39;39;18.5;4.8;0.9;1.1;0.6;0.4;2.4;7.4
180;JaVale McGee;DAL;28;34;15;19;10.9;3.9;0.1;0.6;0.1;0.8;1.4;5.1
181;Jabari Parker;MIL;21;76;32;44;31.7;5.2;1.7;1.5;0.9;0.4;2.0;14.1
182;Jae Crowder;BOS;25;73;43;30;31.6;5.1;1.8;1.1;1.7;0.5;2.7;14.2
183;Jahlil Okafor;PHI;20;53;6;47;30.0;7.0;1.2;2.3;0.4;1.2;2.6;17.5
184;Jamal Crawford;LAC;36;79;51;28;26.9;1.8;2.3;1.4;0.7;0.2;1.5;14.2
185;Jameer Nelson;DEN;34;39;12;27;26.6;2.9;4.9;1.7;0.6;0.1;2.6;7.7
186;James Anderson;SAC;27;51;19;32;14.1;1.7;0.8;0.8;0.4;0.3;1.1;3.5
187;James Ennis;NOP;25;22;11;11;14.9;1.9;1.0;0.9;0.7;0.2;1.3;7.2
188;James Harden;HOU;26;82;41;41;38.1;6.1;7.5;4.6;1.7;0.6;2.8;29.0
189;James Johnson;TOR;29;57;35;22;16.2;2.2;1.2;0.9;0.5;0.6;1.5;5.0
190;James Jones;CLE;35;48;33;15;9.7;1.0;0.3;0.3;0.2;0.2;1.0;3.7
191;James Michael McAdoo;GSW;23;41;37;4;6.4;1.4;0.4;0.4;0.2;0.2;1.0;2.9
192;James Young;BOS;20;29;12;17;6.9;0.9;0.3;0.2;0.2;0.0;0.6;1.0
193;Jared Cunningham;CLE;25;44;31;13;9.3;0.9;0.5;0.5;0.3;0.0;0.9;2.7
194;Jared Dudley;WAS;30;81;40;41;25.9;3.5;2.1;1.0;0.9;0.2;2.3;7.9
195;Jared Sullinger;BOS;24;81;47;34;23.6;8.3;2.3;1.3;0.9;0.6;2.6;10.3
196;Jarell Eddie;WAS;24;26;13;13;5.6;0.9;0.2;0.0;0.2;0.0;0.2;2.4
197;Jarell Martin;MEM;22;27;10;17;14.1;3.2;0.6;0.7;0.3;0.3;2.1;5.7
198;Jarnell Stokes;MEM;22;7;1;6;2.7;0.6;0.1;0.0;0.1;0.0;0.1;1.0
199;Jarrett Jack;BKN;32;32;10;22;32.1;4.3;7.4;2.9;1.1;0.2;2.4;12.8
200;Jason Smith;ORL;30;76;33;43;15.5;2.9;0.8;0.8;0.4;0.9;2.1;7.2
201;Jason Terry;HOU;38;72;37;35;17.5;1.1;1.4;0.7;0.7;0.1;1.3;5.9
202;Jason Thompson;TOR;29;47;38;9;10.0;2.9;0.6;0.3;0.3;0.4;1.7;3.1
203;Jeff Ayres;LAC;29;17;11;6;6.3;1.3;0.3;0.4;0.0;0.2;1.1;1.8
204;Jeff Green;LAC;29;80;48;32;28.2;4.2;1.7;1.2;0.7;0.5;2.1;11.7
205;Jeff Teague;ATL;28;79;47;32;28.5;2.7;5.9;2.8;1.2;0.3;2.1;15.7
206;Jeff Withey;UTA;26;51;25;26;12.9;3.4;0.4;0.5;0.4;1.0;1.5;4.3
207;Jerami Grant;PHI;22;77;9;68;26.8;4.7;1.8;1.4;0.7;1.6;2.8;9.7
208;Jeremy Evans;DAL;28;30;16;14;8.4;1.8;0.1;0.2;0.2;0.3;0.6;2.4
209;Jeremy Lamb;CHA;24;66;40;26;18.6;3.8;1.2;0.8;0.6;0.5;1.6;8.8
210;Jeremy Lin;CHA;27;78;47;31;26.3;3.2;3.0;1.9;0.7;0.5;2.1;11.7
211;Jerian Grant;NYK;23;76;29;47;16.6;1.9;2.3;1.1;0.7;0.1;1.3;5.6
212;Jerryd Bayless;MIL;27;52;21;31;28.9;2.7;3.1;1.4;0.9;0.2;2.1;10.4
213;Jimmer Fredette;SAS;27;6;1;5;2.9;0.0;0.2;0.3;0.2;0.0;0.3;1.5
214;Jimmy Butler;CHI;26;67;37;30;36.9;5.3;4.8;2.0;1.6;0.6;1.9;20.9
215;Joakim Noah;CHI;31;29;15;14;21.9;8.8;3.8;1.8;0.6;1.0;2.7;4.3
216;Jodie Meeks;DET;28;3;3;0;14.5;1.7;1.0;0.3;0.0;0.0;0.7;7.3
217;Joe Harris;CLE;24;5;5;0;3.0;0.6;0.4;0.2;0.0;0.0;0.2;0.6
218;Joe Ingles;UTA;28;81;40;41;15.3;1.9;1.2;0.8;0.7;0.0;1.2;4.2
219;Joe Johnson;MIA;35;81;31;50;33.4;3.6;3.9;2.0;0.8;0.0;1.8;12.2
220;Joe Young;IND;24;41;19;22;9.4;1.2;1.6;0.8;0.4;0.0;0.7;3.8
221;Joel Anthony;DET;33;19;12;7;5.0;1.1;0.1;0.1;0.1;0.6;0.8;0.9
222;Joffrey Lauvergne;DEN;24;59;24;35;17.6;4.9;0.9;0.9;0.2;0.3;1.9;7.9
223;John Henson;MIL;25;57;22;35;16.8;3.9;0.9;1.1;0.3;1.9;2.3;7.0
224;John Jenkins;PHX;25;43;18;25;11.2;1.3;0.8;0.6;0.2;0.0;0.5;4.1
225;John Wall;WAS;25;77;37;40;36.2;4.9;10.2;4.1;1.9;0.8;2.1;19.9
226;Johnny O'Bryant;MIL;23;66;27;39;13.0;2.7;0.5;0.5;0.3;0.1;1.5;3.0
227;Jon Leuer;PHX;27;67;22;45;18.7;5.6;1.1;1.1;0.6;0.4;1.9;8.5
228;Jonas Jerebko;BOS;29;78;47;31;15.1;3.7;0.8;0.7;0.3;0.3;1.8;4.4
229;Jonas Valanciunas;TOR;24;60;40;20;25.9;9.1;0.7;1.4;0.4;1.3;2.6;12.8
230;Jonathon Simmons;SAS;26;55;47;8;14.8;1.7;1.1;1.0;0.4;0.1;1.9;6.0
231;Jordan Adams;MEM;21;2;0;2;7.3;1.0;1.5;1.0;1.5;0.0;1.0;3.5
232;Jordan Clarkson;LAL;24;79;17;62;32.3;4.0;2.4;1.7;1.1;0.1;2.1;15.5
233;Jordan Farmar;MEM;29;12;2;10;24.3;2.1;3.1;1.5;1.3;0.2;1.8;9.2
234;Jordan Hamilton;NOP;25;11;4;7;27.6;5.6;2.3;1.5;0.7;0.3;2.2;11.4
235;Jordan Hill;IND;28;73;40;33;20.7;6.2;1.2;1.3;0.5;0.5;2.1;8.8
236;Jordan McRae;CLE;25;22;10;12;8.9;0.9;1.1;0.7;0.1;0.0;0.8;4.5
237;Jordan Mickey;BOS;21;16;9;7;3.6;0.8;0.1;0.1;0.0;0.7;0.3;1.3
238;Jorge Gutierrez;CHA;27;12;9;3;5.3;0.6;1.4;0.5;0.3;0.0;0.3;1.8
239;Jose Calderon;NYK;34;72;29;43;28.1;3.2;4.1;1.2;0.9;0.1;1.9;7.6
240;Jose Juan Barea;DAL;32;74;38;36;22.5;2.1;4.1;1.5;0.4;0.0;1.5;10.9
241;Josh Huestis;OKC;24;5;2;3;11.0;2.0;0.0;0.6;0.2;0.4;0.6;2.8
242;Josh McRoberts;MIA;29;42;27;15;14.2;2.5;1.9;0.7;0.4;0.2;1.6;3.6
243;Josh Richardson;MIA;22;52;29;23;21.3;2.1;1.4;0.7;0.7;0.5;2.1;6.6
244;Josh Smith;HOU;30;55;31;24;16.0;3.5;1.6;1.4;0.6;0.9;2.1;6.0
245;Jrue Holiday;NOP;26;65;27;38;28.2;3.0;6.0;2.6;1.4;0.3;2.3;16.8
246;Julius Randle;LAL;21;81;17;64;28.2;10.2;1.8;1.8;0.7;0.4;3.0;11.3
247;Justin Anderson;DAL;22;55;28;27;11.8;2.4;0.5;0.4;0.3;0.5;0.8;3.8
248;Justin Harper;BKN;26;5;4;1;7.0;0.2;0.0;0.4;0.2;0.0;0.6;2.6
249;Justin Holiday;CHI;27;53;28;25;14.6;1.7;1.1;0.7;0.6;0.4;1.2;4.5
250;Justise Winslow;MIA;20;78;46;32;28.6;5.2;1.5;1.2;0.9;0.3;2.4;6.4
251;Jusuf Nurkic;DEN;21;32;14;18;17.1;5.5;1.3;1.7;0.8;1.4;2.8;8.2
252;KJ McDaniels;HOU;23;37;17;20;6.4;1.1;0.3;0.5;0.2;0.2;0.8;2.4
253;Karl-Anthony Towns;MIN;20;82;29;53;32.0;10.5;2.0;2.2;0.7;1.7;3.0;18.3
254;Kawhi Leonard;SAS;25;72;60;12;33.1;6.8;2.6;1.5;1.8;1.0;1.8;21.2
255;Keith Appling;ORL;24;5;0;5;5.4;0.2;0.2;0.6;0.2;0.0;1.0;1.2
256;Kelly Olynyk;BOS;25;69;40;29;20.2;4.1;1.5;1.1;0.8;0.5;2.4;10.0
257;Kelly Oubre;WAS;20;63;31;32;10.7;2.1;0.2;0.5;0.3;0.1;1.6;3.7
258;Kemba Walker;CHA;26;81;47;34;35.6;4.4;5.2;2.1;1.6;0.5;1.4;20.9
259;Kendall Marshall;PHI;24;30;3;27;13.3;0.9;2.4;1.4;0.5;0.1;1.0;3.7
260;Kendrick Perkins;NOP;31;37;13;24;14.6;3.5;0.8;1.1;0.3;0.3;1.7;2.5
261;Kenneth Faried;DEN;26;67;26;41;25.3;8.7;1.2;1.4;0.5;0.9;2.5;12.5
262;Kent Bazemore;ATL;26;75;44;31;27.8;5.1;2.3;1.8;1.3;0.5;2.3;11.6
263;Kentavious Caldwell-Pope;DET;23;76;41;35;36.7;3.7;1.8;1.4;1.4;0.2;2.2;14.5
264;Kevin Durant;OKC;27;72;52;20;35.8;8.2;5.0;3.5;1.0;1.2;1.9;28.2
265;Kevin Garnett;MIN;40;38;14;24;14.6;3.9;1.6;0.4;0.7;0.3;1.8;3.2
266;Kevin Love;CLE;27;77;53;24;31.5;9.9;2.4;1.8;0.8;0.5;2.1;16.0
267;Kevin Martin;SAS;33;55;24;31;19.9;2.0;1.1;1.0;0.5;0.1;1.5;9.3
268;Kevin Seraphin;NYK;26;48;15;33;11.0;2.6;1.0;0.9;0.2;0.8;1.4;3.9
269;Kevon Looney;GSW;20;5;4;1;4.1;2.0;0.0;0.2;0.0;0.0;0.4;1.8
270;Khris Middleton;MIL;24;79;33;46;36.1;3.8;4.2;2.3;1.7;0.2;2.6;18.2
271;Kirk Hinrich;ATL;35;46;26;20;13.7;1.5;1.6;0.7;0.3;0.0;1.4;3.0
272;Klay Thompson;GSW;26;80;71;9;33.3;3.8;2.1;1.7;0.8;0.6;1.9;22.1
273;Kobe Bryant;LAL;37;66;13;53;28.2;3.7;2.8;2.0;0.9;0.2;1.7;17.6
274;Kosta Koufos;SAC;27;78;32;46;19.0;5.4;0.4;0.6;0.5;0.9;2.4;6.8
275;Kostas Papanikolaou;DEN;25;26;8;18;11.3;1.5;0.6;0.8;0.5;0.2;0.9;2.6
276;Kris Humphries;ATL;31;53;29;24;15.7;4.1;0.7;0.7;0.3;0.4;1.8;6.5
277;Kristaps Porzingis;NYK;20;72;28;44;28.4;7.3;1.3;1.7;0.7;1.9;2.8;14.3
278;Kyle Anderson;SAS;22;78;64;14;16.0;3.1;1.6;0.8;0.8;0.4;1.2;4.5
279;Kyle Korver;ATL;35;80;46;34;30.0;3.3;2.1;1.2;0.8;0.4;2.0;9.2
280;Kyle Lowry;TOR;30;77;54;23;37.0;4.7;6.4;2.9;2.1;0.4;2.7;21.2
281;Kyle O'Quinn;NYK;26;65;26;39;11.8;3.8;1.1;0.9;0.3;0.8;1.6;4.8
282;Kyle Singler;OKC;28;68;43;25;14.4;2.1;0.4;0.5;0.4;0.1;1.8;3.4
283;Kyrie Irving;CLE;24;53;37;16;31.5;3.0;4.7;2.3;1.1;0.3;2.0;19.6
284;LaMarcus Aldridge;SAS;30;74;61;13;30.6;8.5;1.5;1.3;0.5;1.1;2.0;18.0
285;Lamar Patterson;ATL;24;35;23;12;11.3;1.4;1.1;0.7;0.3;0.1;1.3;2.4
286;Lance Stephenson;MEM;25;69;36;33;19.9;3.2;1.9;1.4;0.6;0.1;2.0;8.3
287;Lance Thomas;NYK;28;59;25;34;22.3;2.2;0.9;1.0;0.4;0.1;1.8;8.2
288;Langston Galloway;NYK;24;82;32;50;24.8;3.5;2.5;0.7;0.9;0.3;2.2;7.6
289;Larry Nance Jr.;LAL;23;63;14;49;20.1;5.0;0.7;0.7;0.9;0.4;2.0;5.5
290;Lavoy Allen;IND;27;79;43;36;20.2;5.4;1.0;0.9;0.3;0.5;1.9;5.4
291;LeBron James;CLE;31;76;56;20;35.6;7.4;6.8;3.3;1.4;0.6;1.9;25.3
292;Leandro Barbosa;GSW;33;68;60;8;15.9;1.7;1.2;0.8;0.6;0.1;1.6;6.4
293;Lorenzo Brown;DET;25;8;1;7;7.6;0.9;1.4;1.1;0.4;0.1;0.5;2.5
294;Lou Amundson;NYK;33;29;11;18;7.0;1.7;0.4;0.5;0.2;0.2;1.5;1.8
295;Lou Williams;LAL;29;67;14;53;28.5;2.5;2.5;1.6;0.9;0.3;1.6;15.3
296;Luc Mbah a Moute;LAC;29;75;49;26;17.0;2.3;0.4;0.5;0.6;0.3;1.3;3.1
297;Lucas Nogueira;TOR;23;29;17;12;7.7;1.6;0.2;0.4;0.4;0.4;1.0;2.2
298;Luis Montero;POR;23;12;6;6;3.5;0.3;0.1;0.3;0.0;0.0;0.1;1.2
299;Luis Scola;TOR;36;76;50;26;21.5;4.8;0.9;0.9;0.6;0.4;2.3;8.7
300;Luke Babbitt;NOP;27;47;16;31;18.0;3.1;1.1;0.5;0.2;0.1;1.9;7.0
301;Luol Deng;MIA;31;74;45;29;32.4;6.0;1.9;1.1;1.0;0.4;1.6;12.3
302;Manu Ginobili;SAS;38;58;47;11;19.6;2.5;3.1;1.7;1.1;0.2;1.7;9.6
303;Marc Gasol;MEM;31;52;30;22;34.4;7.0;3.8;2.3;1.0;1.3;2.7;16.6
304;Marcelo Huertas;LAL;33;53;8;45;16.4;1.7;3.4;1.5;0.5;0.1;1.4;4.5
305;Marcin Gortat;WAS;32;75;35;40;30.1;9.9;1.4;1.6;0.6;1.3;2.6;13.5
306;Marco Belinelli;SAC;30;68;27;41;24.6;1.7;1.9;1.2;0.5;0.0;1.3;10.2
307;Marcus Morris;DET;26;80;42;38;35.7;5.1;2.5;1.8;0.8;0.3;2.1;14.1
308;Marcus Smart;BOS;22;61;36;25;27.3;4.2;3.0;1.3;1.5;0.3;3.0;9.1
309;Marcus Thornton;WAS;29;61;32;29;18.2;2.5;1.4;0.8;0.8;0.1;1.5;9.7
310;Mario Chalmers;MIA;30;61;38;23;22.5;2.6;3.8;1.8;1.4;0.2;3.0;10.3
311;Mario Hezonja;ORL;21;79;33;46;17.9;2.2;1.4;1.2;0.5;0.2;1.6;6.1
312;Markel Brown;BKN;24;62;12;50;15.8;2.0;1.5;0.9;0.6;0.2;1.5;5.9
313;Markieff Morris;WAS;26;64;22;42;25.5;5.5;1.9;2.1;0.9;0.5;2.9;12.0
314;Marreese Speights;GSW;28;72;64;8;11.6;3.3;0.8;0.9;0.3;0.5;1.6;7.1
315;Marvin Williams;CHA;30;81;47;34;28.9;6.4;1.4;0.8;0.7;1.0;1.6;11.7
316;Mason Plumlee;POR;26;82;44;38;25.4;7.7;2.8;1.9;0.8;1.0;3.1;9.1
317;Matt Barnes;MEM;36;76;38;38;28.8;5.5;2.1;1.6;1.0;0.8;3.1;10.0
318;Matt Bonner;SAS;36;30;25;5;6.9;0.9;0.3;0.1;0.2;0.0;0.5;2.5
319;Matthew Dellavedova;CLE;25;76;54;22;24.6;2.1;4.4;1.5;0.6;0.1;2.3;7.5
320;Maurice Harkless;POR;23;78;40;38;18.7;3.6;0.9;0.8;0.6;0.4;1.6;6.4
321;Metta World Peace;LAL;36;35;6;29;16.9;2.5;0.8;0.4;0.6;0.3;1.9;5.0
322;Meyers Leonard;POR;24;61;33;28;21.8;5.1;1.5;1.3;0.1;0.3;3.0;8.4
323;Michael Beasley;HOU;27;20;10;10;18.1;4.9;0.8;1.2;0.6;0.5;2.0;12.8
324;Michael Carter-Williams;MIL;24;54;21;33;30.5;5.1;5.2;2.8;1.5;0.8;3.0;11.5
325;Michael Kidd-Gilchrist;CHA;22;7;5;2;29.2;6.4;1.3;1.1;0.4;0.4;1.3;12.7
326;Mike Conley;MEM;28;56;33;23;31.4;2.9;6.1;1.5;1.2;0.3;1.8;15.3
327;Mike Dunleavy;CHI;35;31;13;18;22.7;2.7;1.3;0.8;0.5;0.3;2.1;7.2
328;Mike Miller;DEN;36;47;21;26;7.9;1.1;0.9;0.4;0.3;0.1;1.1;1.3
329;Mike Muscala;ATL;24;60;34;26;9.4;2.0;0.6;0.5;0.2;0.5;1.2;3.3
330;Mike Scott;ATL;27;75;46;29;15.3;2.7;1.0;0.6;0.3;0.2;1.4;6.2
331;Miles Plumlee;MIL;27;61;23;38;14.3;3.8;0.3;0.7;0.3;0.8;1.2;5.1
332;Mirza Teletovic;PHX;30;79;23;56;21.3;3.8;1.1;1.1;0.4;0.3;2.0;12.2
333;Mitch McGary;OKC;24;20;17;3;3.6;0.9;0.2;0.4;0.1;0.1;0.5;1.3
334;Mo Williams;CLE;33;41;27;14;18.2;1.8;2.4;1.4;0.3;0.1;1.5;8.2
335;Monta Ellis;IND;30;81;44;37;33.8;3.3;4.7;2.5;1.9;0.5;2.1;13.8
336;Montrezl Harrell;HOU;22;39;17;22;9.7;1.7;0.4;0.4;0.3;0.3;1.2;3.6
337;Myles Turner;IND;20;60;32;28;22.8;5.5;0.7;1.1;0.4;1.4;2.6;10.3
338;Nate Robinson;NOP;32;2;0;2;11.6;0.0;2.0;0.0;0.5;0.0;2.5;0.0
339;Nazr Mohammed;OKC;38;5;5;0;3.9;0.8;0.0;0.6;0.0;0.0;0.8;1.6
340;Nemanja Bjelica;MIN;28;60;20;40;17.9;3.5;1.4;0.8;0.4;0.4;2.6;5.1
341;Nene;WAS;33;57;28;29;19.2;4.5;1.7;1.3;0.9;0.5;2.7;9.2
342;Nerlens Noel;PHI;22;67;10;57;29.3;8.1;1.8;2.4;1.8;1.5;2.9;11.1
343;Nick Collison;OKC;35;59;39;20;11.9;2.9;0.9;0.8;0.3;0.3;1.8;2.1
344;Nick Young;LAL;31;54;13;41;19.1;1.8;0.6;0.6;0.4;0.1;0.9;7.3
345;Nicolas Batum;CHA;27;70;41;29;35.0;6.1;5.8;2.9;0.9;0.6;1.6;14.9
346;Nik Stauskas;PHI;22;73;8;65;24.8;2.5;1.9;1.3;0.6;0.3;1.6;8.5
347;Nikola Jokic;DEN;21;80;31;49;21.7;7.0;2.4;1.3;1.0;0.6;2.6;10.0
348;Nikola Mirotic;CHI;25;66;37;29;24.9;5.5;1.5;1.5;0.9;0.7;2.3;11.8
349;Nikola Pekovic;MIN;30;12;2;10;13.0;1.8;0.9;0.8;0.1;0.0;1.8;4.5
350;Nikola Vucevic;ORL;25;65;28;37;31.3;8.9;2.8;1.9;0.8;1.1;2.7;18.2
351;Noah Vonleh;POR;20;78;41;37;15.0;3.9;0.4;0.6;0.3;0.3;1.9;3.6
352;Norman Powell;TOR;23;49;32;17;14.8;2.3;1.0;0.7;0.6;0.2;1.2;5.6
353;Norris Cole;NOP;27;45;20;25;26.6;3.4;3.7;1.7;0.8;0.1;2.3;10.6
354;O.J. Mayo;MIL;28;41;17;24;26.6;2.6;2.9;1.8;1.2;0.2;3.1;7.8
355;Omer Asik;NOP;29;68;29;39;17.3;6.1;0.4;0.9;0.3;0.3;1.8;4.0
356;Omri Casspi;SAC;28;69;27;42;27.3;5.9;1.4;1.4;0.8;0.2;2.2;11.8
357;Orlando Johnson;NOP;27;7;1;6;14.5;2.1;0.3;0.6;0.4;0.4;1.3;3.7
358;Otto Porter;WAS;23;75;36;39;30.3;5.2;1.6;0.9;1.4;0.4;2.2;11.6
359;PJ Hairston;MEM;23;66;31;35;19.9;2.6;0.6;0.6;0.5;0.2;2.1;6.2
360;PJ Tucker;PHX;31;82;23;59;31.0;6.2;2.2;1.4;1.3;0.2;2.5;8.0
361;Pablo Prigioni;LAC;39;59;37;22;13.9;1.9;2.2;0.8;0.9;0.0;1.4;2.5
362;Pat Connaughton;POR;23;34;17;17;4.2;0.9;0.3;0.3;0.1;0.0;0.2;1.1
363;Patrick Beverley;HOU;27;71;35;36;28.7;3.5;3.4;1.3;1.3;0.4;3.3;9.9
364;Patrick Patterson;TOR;27;79;54;25;25.6;4.3;1.2;0.8;0.7;0.4;1.6;6.9
365;Patty Mills;SAS;27;81;66;15;20.5;2.0;2.8;0.9;0.7;0.1;1.3;8.5
366;Pau Gasol;CHI;35;72;36;36;31.8;11.0;4.1;2.3;0.6;2.0;2.1;16.5
367;Paul George;IND;26;81;44;37;34.8;7.0;4.1;3.3;1.9;0.4;2.8;23.1
368;Paul Millsap;ATL;31;81;48;33;32.7;9.0;3.3;2.4;1.8;1.7;2.9;17.1
369;Paul Pierce;LAC;38;68;44;24;18.1;2.7;1.0;0.9;0.5;0.3;1.9;6.1
370;Phil Pressey;POR;25;23;3;20;12.3;1.3;3.3;1.4;0.8;0.2;1.2;3.3
371;Quincy Acy;SAC;25;59;21;38;14.8;3.2;0.5;0.5;0.5;0.4;1.7;5.2
372;RJ Hunter;BOS;22;36;21;15;8.7;1.0;0.4;0.3;0.4;0.1;0.8;2.7
373;Rajon Rondo;SAC;30;72;29;43;35.2;6.0;11.7;3.9;2.0;0.1;2.4;11.9
374;Rakeem Christmas;IND;24;1;1;0;6.1;1.0;0.0;0.0;0.0;0.0;1.0;4.0
375;Ramon Sessions;WAS;30;82;41;41;20.3;2.5;2.9;1.4;0.6;0.1;1.2;9.9
376;Randy Foye;OKC;32;81;37;44;20.3;1.9;2.0;1.1;0.5;0.4;1.6;5.9
377;Rashad Vaughn;MIL;19;70;30;40;14.3;1.3;0.6;0.4;0.4;0.2;1.0;3.1
378;Rasual Butler;SAS;37;46;41;5;9.4;1.2;0.5;0.2;0.3;0.5;0.2;2.7
379;Raul Neto;UTA;24;81;40;41;18.5;1.5;2.1;1.3;0.8;0.0;1.5;5.9
380;Ray McCallum;SAS;25;41;30;11;11.6;1.1;1.5;0.6;0.3;0.2;0.7;3.3
381;Raymond Felton;DAL;32;80;40;40;27.4;3.2;3.6;1.5;0.9;0.2;1.8;9.5
382;Reggie Bullock;DET;25;37;22;15;11.6;1.8;0.7;0.2;0.3;0.1;0.8;3.3
383;Reggie Jackson;DET;26;79;43;36;30.7;3.2;6.2;2.8;0.7;0.1;2.4;18.8
384;Richard Jefferson;CLE;36;74;51;23;17.9;1.7;0.8;0.6;0.4;0.2;1.7;5.5
385;Richaun Holmes;PHI;22;51;7;44;13.8;2.6;0.6;0.6;0.4;0.8;1.8;5.6
386;Ricky Rubio;MIN;25;76;28;48;30.6;4.3;8.7;2.5;2.1;0.1;2.6;10.1
387;Robert Covington;PHI;25;67;10;57;28.4;6.3;1.4;2.1;1.6;0.6;3.5;12.8
388;Robert Sacre;LAL;27;25;2;23;12.8;2.9;0.6;0.5;0.2;0.4;1.7;3.5
389;Robin Lopez;NYK;28;82;32;50;27.1;7.3;1.4;1.6;0.2;1.6;2.2;10.3
390;Rodney Hood;UTA;23;79;39;40;32.2;3.4;2.7;1.6;0.9;0.2;2.6;14.5
391;Rodney Stuckey;IND;30;58;33;25;22.0;2.7;2.4;1.3;0.7;0.1;1.3;8.9
392;Rondae Hollis-Jefferson;BKN;21;29;7;22;21.2;5.3;1.5;0.9;1.3;0.6;2.1;5.8
393;Ronnie Price;PHX;33;62;20;42;19.5;1.6;2.4;1.1;1.2;0.2;2.6;5.3
394;Roy Hibbert;LAL;29;81;17;64;23.2;4.9;1.2;0.9;0.4;1.4;3.1;5.9
395;Rudy Gay;SAC;29;70;29;41;34.0;6.5;1.7;2.0;1.4;0.7;2.6;17.2
396;Rudy Gobert;UTA;24;61;33;28;31.7;11.0;1.5;1.9;0.7;2.2;2.7;9.1
397;Russ Smith;MEM;25;15;6;9;4.4;0.6;0.7;0.5;0.3;0.1;0.3;1.5
398;Russell Westbrook;OKC;27;80;55;25;34.4;7.8;10.4;4.3;2.0;0.3;2.5;23.5
399;Ryan Anderson;NOP;28;66;24;42;30.4;6.0;1.1;1.4;0.6;0.4;1.7;17.0
400;Ryan Hollins;MEM;31;37;18;19;12.4;2.6;0.3;0.6;0.2;0.6;1.7;3.4
401;Ryan Kelly;LAL;25;36;3;33;13.1;3.4;0.6;0.5;0.4;0.3;1.1;4.2
402;Salah Mejri;DAL;30;34;16;18;11.7;3.6;0.3;0.7;0.2;1.1;1.6;3.7
403;Sam Dekker;HOU;22;3;1;2;2.0;0.3;0.0;0.0;0.3;0.0;0.0;0.0
404;Sasha Kaun;CLE;31;25;18;7;3.8;1.0;0.1;0.3;0.2;0.2;0.4;0.9
405;Sasha Vujacic;NYK;32;61;22;39;14.9;2.4;1.4;0.7;0.6;0.1;1.4;4.9
406;Sean Kilpatrick;BKN;26;31;7;24;19.9;1.8;0.9;1.0;0.4;0.1;1.2;11.1
407;Serge Ibaka;OKC;26;78;54;24;32.1;6.8;0.8;1.4;0.5;1.9;2.7;12.6
408;Sergey Karasev;BKN;22;40;9;31;10.0;1.5;0.9;0.6;0.2;0.1;0.7;2.4
409;Seth Curry;SAC;25;44;17;27;15.7;1.4;1.5;0.8;0.5;0.1;0.9;6.8
410;Shabazz Muhammad;MIN;23;82;29;53;20.5;3.3;0.6;0.9;0.3;0.1;1.1;10.5
411;Shabazz Napier;ORL;24;55;23;32;10.9;1.0;1.8;0.8;0.4;0.0;0.7;3.7
412;Shane Larkin;BKN;23;78;20;58;22.4;2.3;4.4;1.9;1.2;0.2;1.6;7.3
413;Shaun Livingston;GSW;30;78;69;9;19.5;2.2;3.0;1.0;0.7;0.3;1.8;6.3
414;Shayne Whittington;IND;25;7;4;3;5.8;1.7;0.4;0.7;0.1;0.1;1.0;1.6
415;Shelvin Mack;UTA;26;52;27;25;20.3;2.5;3.6;1.8;0.7;0.1;1.4;8.6
416;Solomon Hill;IND;25;59;31;28;14.7;2.8;1.0;0.6;0.6;0.2;1.2;4.2
417;Sonny Weems;PHX;29;43;6;37;11.6;1.2;1.1;1.0;0.2;0.0;1.1;2.5
418;Spencer Dinwiddie;CHI;23;12;5;7;13.3;1.4;1.8;0.6;0.3;0.0;1.7;4.8
419;Spencer Hawes;CHA;28;57;30;27;18.2;4.3;1.9;1.0;0.4;0.5;1.9;6.0
420;Stanley Johnson;DET;20;73;37;36;23.1;4.2;1.6;1.6;0.8;0.2;2.4;8.1
421;Stephen Curry;GSW;28;79;71;8;34.2;5.4;6.7;3.3;2.1;0.2;2.0;30.1
422;Steve Blake;DET;36;58;34;24;17.0;1.5;3.4;1.4;0.4;0.1;1.2;4.4
423;Steve Novak;MIL;33;10;8;2;4.4;0.5;0.0;0.1;0.0;0.0;0.3;2.4
424;Steven Adams;OKC;22;80;54;26;25.2;6.7;0.8;1.1;0.5;1.1;2.8;8.0
425;TJ McConnell;PHI;24;81;10;71;19.8;3.1;4.5;1.7;1.2;0.1;1.4;6.1
426;TJ Warren;PHX;22;47;14;33;22.8;3.1;0.9;0.7;0.8;0.3;2.0;11.0
427;Taj Gibson;CHI;31;73;37;36;26.5;6.9;1.5;1.1;0.6;1.1;2.5;8.6
428;Tarik Black;LAL;24;39;6;33;12.7;4.0;0.4;0.6;0.4;0.5;2.0;3.4
429;Tayshaun Prince;MIN;36;77;27;50;19.0;1.9;1.0;0.4;0.5;0.2;0.8;2.9
430;Terrence Jones;HOU;24;50;24;26;20.9;4.2;0.8;1.0;0.5;0.8;1.7;8.7
431;Terrence Ross;TOR;25;73;53;20;23.9;2.5;0.8;0.6;0.7;0.3;1.6;9.9
432;Terry Rozier;BOS;22;39;24;15;8.0;1.6;0.9;0.5;0.2;0.0;0.6;1.8
433;Thabo Sefolosha;ATL;32;75;42;33;23.4;4.5;1.4;0.9;1.1;0.5;1.5;6.4
434;Thaddeus Young;BKN;28;73;21;52;33.0;9.0;1.9;1.9;1.5;0.5;2.5;15.1
435;Thanasis Antetokounmpo;NYK;23;2;1;1;3.1;0.5;0.0;0.0;0.0;0.0;1.0;3.0
436;Thomas Robinson;BKN;25;71;16;55;12.9;5.1;0.6;1.0;0.5;0.5;1.6;4.3
437;Tiago Splitter;ATL;31;36;21;15;16.1;3.3;0.8;0.7;0.6;0.3;2.0;5.6
438;Tibor Pleiss;UTA;26;12;7;5;6.8;1.3;0.2;0.7;0.1;0.2;1.6;2.0
439;Tim Duncan;SAS;40;61;50;11;25.2;7.3;2.7;1.5;0.8;1.3;2.0;8.6
440;Tim Frazier;NOP;25;51;25;26;14.5;2.2;3.2;1.3;0.6;0.0;1.4;5.1
441;Tim Hardaway Jr.;ATL;24;51;29;22;16.9;1.7;1.0;0.5;0.4;0.1;0.9;6.4
442;Timofey Mozgov;CLE;29;76;52;24;17.4;4.4;0.4;0.9;0.3;0.8;2.1;6.3
443;Tobias Harris;DET;23;76;37;39;33.1;6.7;2.2;1.4;0.9;0.5;2.0;14.7
444;Toney Douglas;NOP;30;61;22;39;20.7;2.3;2.6;1.0;1.1;0.1;2.1;8.7
445;Tony Allen;MEM;34;64;34;30;25.3;4.6;1.1;1.2;1.7;0.3;2.7;8.4
446;Tony Parker;SAS;34;72;59;13;27.5;2.4;5.3;1.8;0.8;0.2;1.6;11.9
447;Tony Snell;CHI;24;64;33;31;20.3;3.1;1.0;0.8;0.3;0.3;1.6;5.3
448;Tony Wroten;NYK;23;8;0;8;18.0;2.6;2.5;3.6;0.4;0.0;1.4;8.4
449;Trevor Ariza;HOU;31;81;40;41;35.3;4.5;2.3;1.4;2.0;0.3;2.2;12.7
450;Trevor Booker;UTA;28;79;39;40;20.7;5.7;1.1;1.0;0.7;0.5;2.1;5.9
451;Trey Burke;UTA;23;64;31;33;21.3;1.8;2.3;1.3;0.5;0.1;1.3;10.6
452;Trey Lyles;UTA;20;80;38;42;17.3;3.7;0.7;0.8;0.3;0.2;1.4;6.1
453;Tristan Thompson;CLE;25;82;57;25;27.7;9.0;0.8;0.7;0.5;0.6;2.5;7.8
454;Troy Daniels;CHA;24;43;25;18;11.1;1.3;0.5;0.6;0.3;0.1;0.9;5.6
455;Ty Lawson;IND;28;66;31;35;21.4;1.8;3.6;1.4;0.8;0.1;1.3;5.7
456;Tyler Ennis;MIL;21;46;17;29;14.2;1.6;2.1;1.0;0.5;0.0;1.4;4.5
457;Tyler Hansbrough;CHA;30;44;28;16;7.8;2.0;0.2;0.3;0.3;0.2;1.3;2.4
458;Tyler Johnson;MIA;24;36;19;17;24.0;3.0;2.2;1.3;0.7;0.4;1.8;8.7
459;Tyler Zeller;BOS;26;60;38;22;11.8;3.0;0.5;0.8;0.2;0.4;1.6;6.1
460;Tyreke Evans;NOP;26;25;11;14;30.6;5.2;6.6;2.9;1.3;0.3;2.6;15.2
461;Tyson Chandler;PHX;33;66;18;48;24.5;8.7;1.0;1.4;0.5;0.7;2.2;7.2
462;Tyus Jones;MIN;20;37;13;24;15.5;1.3;2.9;0.9;0.8;0.1;0.9;4.2
463;Udonis Haslem;MIA;36;37;25;12;7.0;2.0;0.4;0.1;0.1;0.1;0.7;1.6
464;Victor Oladipo;ORL;24;72;32;40;33.0;4.8;3.9;2.1;1.6;0.8;2.4;16.0
465;Vince Carter;MEM;39;60;33;27;16.8;2.4;0.9;0.6;0.6;0.3;1.7;6.6
466;Walter Tavares;ATL;24;11;7;4;6.6;1.9;0.3;0.5;0.1;0.5;0.7;2.3
467;Wayne Ellington;BKN;28;76;18;58;21.3;2.3;1.1;0.6;0.6;0.1;1.1;7.7
468;Wesley Johnson;LAC;28;80;51;29;20.8;3.1;0.6;0.7;1.1;0.7;2.2;6.9
469;Wesley Matthews;DAL;29;78;40;38;33.9;3.1;1.9;1.0;1.0;0.2;2.3;12.5
470;Will Barton;DEN;25;82;33;49;28.7;5.8;2.5;1.7;0.9;0.5;1.8;14.4
471;Willie Cauley-Stein;SAC;22;66;26;40;21.4;5.3;0.6;0.7;0.7;1.0;2.2;7.0
472;Willie Reed;BKN;26;39;8;31;10.9;3.1;0.3;0.4;0.2;0.8;1.2;4.7
473;Xavier Munford;MEM;24;14;3;11;17.4;2.2;1.6;1.1;0.9;0.2;1.8;5.7
474;Zach LaVine;MIN;21;82;29;53;28.0;2.8;3.1;1.9;0.8;0.2;2.4;14.0
475;Zach Randolph;MEM;34;68;37;31;29.7;7.8;2.1;1.5;0.6;0.2;2.1;15.3
476;Zaza Pachulia;DAL;32;76;40;36;26.4;9.4;1.7;1.6;0.8;0.3;2.4;8.6